{"stat.chestOpened":18,"stat.pickup.minecraft.bone":2,"stat.useItem.minecraft.stone":14,"stat.leaveGame":1,"stat.pickup.minecraft.arrow":2,"stat.pickup.minecraft.iron_sword":3,"stat.craftItem.minecraft.cooked_porkchop":1,"stat.mineBlock.minecraft.cobblestone":1,"stat.mineBlock.minecraft.yellow_flower":6,"stat.breakItem.minecraft.wooden_axe":2,"stat.useItem.minecraft.porkchop":1,"stat.swimOneCm":29605,"stat.jump":1218,"stat.useItem.minecraft.wooden_hoe":32,"stat.pickup.minecraft.coal":84,"stat.fallOneCm":30340,"stat.pickup.minecraft.iron_ingot":22,"stat.craftItem.minecraft.shield":1,"stat.drop.minecraft.cobblestone":1,"stat.pickup.minecraft.porkchop":9,"stat.crouchOneCm":6337,"stat.pickup.minecraft.spider_eye":2,"stat.craftItem.minecraft.torch":92,"stat.craftItem.minecraft.iron_ingot":43,"stat.breakItem.minecraft.iron_pickaxe":1,"stat.useItem.minecraft.dirt":24,"stat.pickup.minecraft.dirt":34,"stat.craftItem.minecraft.iron_helmet":1,"stat.pickup.minecraft.bow":1,"stat.useItem.minecraft.water_bucket":7,"stat.drop.minecraft.iron_sword":3,"stat.craftingTableInteraction":17,"stat.pickup.minecraft.iron_ore":71,"stat.pickup.minecraft.rotten_flesh":2,"stat.useItem.minecraft.sapling":15,"stat.pickup.minecraft.gold_ore":34,"stat.mineBlock.minecraft.lapis_ore":4,"stat.useItem.minecraft.egg":1,"stat.craftItem.minecraft.iron_boots":1,"stat.damageTaken":1399,"stat.pickup.minecraft.feather":1,"stat.mineBlock.minecraft.red_flower":15,"stat.mineBlock.minecraft.torch":2,"stat.useItem.minecraft.wooden_pickaxe":59,"stat.craftItem.minecraft.cooked_beef":2,"stat.useItem.minecraft.reeds":3,"stat.pickup.minecraft.cobblestone":129,"stat.mineBlock.minecraft.sapling":2,"stat.pickup.minecraft.dye":28,"stat.pickup.minecraft.planks":30,"stat.pickup.minecraft.reeds":3,"stat.flyOneCm":131261,"stat.pickup.minecraft.wheat_seeds":43,"stat.pickup.minecraft.brown_mushroom":3,"stat.entityKilledBy.Zombie":1,"stat.drop.minecraft.wheat_seeds":1,"stat.useItem.minecraft.cooked_beef":2,"stat.craftItem.minecraft.wooden_hoe":1,"stat.craftItem.minecraft.iron_leggings":1,"stat.damageDealt":2120,"stat.pickup.minecraft.redstone":97,"stat.mineBlock.minecraft.iron_ore":72,"stat.timeSinceDeath":6869,"stat.killEntity.Cow":1,"stat.mineBlock.minecraft.dirt":36,"stat.useItem.minecraft.crafting_table":1,"stat.useItem.minecraft.iron_pickaxe":341,"stat.killEntity.Pig":4,"stat.craftItem.minecraft.wooden_pickaxe":1,"stat.pickup.minecraft.mutton":12,"stat.craftItem.minecraft.iron_sword":1,"stat.walkOneCm":171631,"stat.useItem.minecraft.torch":94,"stat.drop.minecraft.porkchop":8,"stat.useItem.minecraft.cobblestone":64,"stat.craftItem.minecraft.crafting_table":1,"stat.furnaceInteraction":15,"stat.mineBlock.minecraft.double_plant":7,"stat.useItem.minecraft.cooked_porkchop":1,"stat.useItem.minecraft.gold_ore":1,"stat.mineBlock.minecraft.coal_ore":84,"stat.drop.minecraft.wool":7,"stat.pickup.minecraft.log":78,"stat.pickup.minecraft.string":1,"stat.pickup.minecraft.beef":2,"stat.pickup.minecraft.iron_pickaxe":1,"stat.entityKilledBy.Skeleton":1,"stat.craftItem.minecraft.gold_ingot":33,"stat.pickup.minecraft.stone":21,"stat.drop.minecraft.planks":128,"stat.craftItem.minecraft.iron_chestplate":1,"stat.pickup.minecraft.chicken":1,"stat.pickup.minecraft.sapling":15,"stat.sprintOneCm":231120,"stat.craftItem.minecraft.wooden_axe":3,"stat.craftItem.minecraft.stick":40,"stat.killEntity.Skeleton":1,"stat.craftItem.minecraft.bucket":1,"stat.craftItem.minecraft.planks":312,"stat.useItem.minecraft.iron_sword":24,"stat.killEntity.Chicken":1,"stat.mineBlock.minecraft.diamond_ore":6,"stat.useItem.minecraft.wheat_seeds":37,"stat.killEntity.Spider":1,"stat.mobKills":17,"stat.mineBlock.minecraft.log":79,"stat.useItem.minecraft.bucket":8,"stat.deaths":5,"stat.drop":10,"stat.pickup.minecraft.diamond":6,"stat.mineBlock.minecraft.leaves":17,"stat.pickup.minecraft.egg":8,"stat.playOneMinute":88877,"stat.pickup.minecraft.torch":2,"stat.killEntity.Sheep":8,"stat.pickup.minecraft.red_flower":15,"stat.mineBlock.minecraft.redstone_ore":23,"stat.pickup.minecraft.slime_ball":1,"stat.sneakTime":2342,"stat.craftItem.minecraft.iron_pickaxe":2,"stat.pickup.minecraft.wool":15,"stat.killEntity.Zombie":1,"stat.useItem.minecraft.wooden_axe":136,"stat.pickup.minecraft.yellow_flower":3,"stat.mineBlock.minecraft.stone":162,"stat.mineBlock.minecraft.gold_ore":35,"stat.mineBlock.minecraft.tallgrass":326,"stat.diveOneCm":6930,"stat.breakItem.minecraft.wooden_pickaxe":1}