{"stat.chestOpened":5,"stat.walkOneCm":63438,"stat.useItem.minecraft.torch":40,"stat.useItem.minecraft.chest":1,"stat.useItem.minecraft.stone":3,"stat.drop.minecraft.wooden_pickaxe":2,"stat.pickup.minecraft.gravel":2,"stat.leaveGame":1,"stat.pickup.minecraft.crafting_table":1,"stat.craftItem.minecraft.cooked_porkchop":7,"stat.killEntity.Slime":1,"stat.useItem.minecraft.cobblestone":1,"stat.craftItem.minecraft.crafting_table":1,"stat.furnaceInteraction":15,"stat.drop.minecraft.dirt":1,"stat.useItem.minecraft.cooked_porkchop":3,"stat.craftItem.minecraft.iron_axe":1,"stat.mineBlock.minecraft.coal_ore":73,"stat.pickup.minecraft.log":13,"stat.drop.minecraft.iron_pickaxe":1,"stat.jump":484,"stat.swimOneCm":2158,"stat.pickup.minecraft.coal":73,"stat.fallOneCm":9669,"stat.useItem.minecraft.cooked_mutton":2,"stat.pickup.minecraft.stone":3,"stat.pickup.minecraft.porkchop":8,"stat.craftItem.minecraft.iron_chestplate":1,"stat.crouchOneCm":39,"stat.craftItem.minecraft.torch":64,"stat.craftItem.minecraft.iron_ingot":55,"stat.craftItem.minecraft.chest":1,"stat.pickup.minecraft.dirt":14,"stat.useItem.minecraft.dirt":13,"stat.sprintOneCm":35247,"stat.craftItem.minecraft.stick":28,"stat.craftItem.minecraft.wooden_axe":1,"stat.craftingTableInteraction":11,"stat.pickup.minecraft.iron_ore":81,"stat.craftItem.minecraft.furnace":1,"stat.mineBlock.minecraft.lapis_ore":3,"stat.craftItem.minecraft.bucket":3,"stat.craftItem.minecraft.planks":28,"stat.pickup.minecraft.wooden_pickaxe":2,"stat.damageTaken":396,"stat.mineBlock.minecraft.crafting_table":1,"stat.craftItem.minecraft.stone_pickaxe":1,"stat.mineBlock.minecraft.torch":1,"stat.useItem.minecraft.wooden_pickaxe":60,"stat.useItem.minecraft.furnace":1,"stat.pickup.minecraft.cobblestone":71,"stat.mobKills":2,"stat.mineBlock.minecraft.log":13,"stat.useItem.minecraft.bucket":3,"stat.pickup.minecraft.dye":19,"stat.pickup.minecraft.planks":128,"stat.flyOneCm":35799,"stat.drop":26,"stat.mineBlock.minecraft.leaves":5,"stat.playOneMinute":39262,"stat.pickup.minecraft.torch":2,"stat.killEntity.Sheep":1,"stat.useItem.minecraft.stone_pickaxe":122,"stat.mineBlock.minecraft.redstone_ore":8,"stat.sneakTime":53,"stat.craftItem.minecraft.iron_pickaxe":2,"stat.craftItem.minecraft.iron_leggings":1,"stat.pickup.minecraft.wool":1,"stat.damageDealt":186,"stat.pickup.minecraft.redstone":35,"stat.mineBlock.minecraft.iron_ore":63,"stat.timeSinceDeath":39262,"stat.useItem.minecraft.wooden_axe":11,"stat.drop.minecraft.iron_ingot":22,"stat.mineBlock.minecraft.dirt":14,"stat.useItem.minecraft.crafting_table":2,"stat.useItem.minecraft.iron_pickaxe":45,"stat.craftItem.minecraft.wooden_pickaxe":1,"stat.mineBlock.minecraft.stone":78,"stat.craftItem.minecraft.cooked_mutton":14,"stat.diveOneCm":603,"stat.pickup.minecraft.mutton":2,"stat.breakItem.minecraft.wooden_pickaxe":1}